{"cameraMode":{"drawMode":0,"name":"Shaded","section":"Shading Mode"},"sceneLighting":false,"audioPlay":false,"sceneViewState":{"m_AlwaysRefresh":false,"showFog":true,"showSkybox":true,"showFlares":true,"showImageEffects":true,"showParticleSystems":true,"showVisualEffectGraphs":true,"m_FxEnabled":true},"in2DMode":false,"pivot":{"x":6.001749038696289,"y":3.10781192779541,"z":-0.029413580894470216},"rotation":{"x":0.161538228392601,"y":-0.029380934312939645,"z":0.004778997506946325,"w":0.9864669442176819},"size":0.8660253882408142,"orthographic":false}