{"cameraMode":{"drawMode":0,"name":"Shaded","section":"Shading Mode"},"sceneLighting":false,"audioPlay":false,"sceneViewState":{"m_AlwaysRefresh":false,"showFog":true,"showSkybox":false,"showFlares":true,"showImageEffects":true,"showParticleSystems":true,"showVisualEffectGraphs":true,"m_FxEnabled":true},"in2DMode":false,"pivot":{"x":7.845998287200928,"y":1.3799999952316285,"z":3.305999755859375},"rotation":{"x":0.35039761662483218,"y":0.10368332266807556,"z":-0.039127133786678317,"w":0.9300693869590759},"size":0.11984333395957947,"orthographic":false}