{"cameraMode":{"drawMode":0,"name":"Shaded","section":"Shading Mode"},"sceneLighting":false,"audioPlay":false,"sceneViewState":{"m_AlwaysRefresh":false,"showFog":true,"showSkybox":false,"showFlares":true,"showImageEffects":true,"showParticleSystems":true,"showVisualEffectGraphs":true,"m_FxEnabled":true},"in2DMode":false,"pivot":{"x":7.109767436981201,"y":1.4611797332763672,"z":0.225899800658226},"rotation":{"x":-0.008390126749873162,"y":-0.4355315566062927,"z":0.0040233926847577099,"w":-0.9001678228378296},"size":2.014708995819092,"orthographic":false}